Name,URL
The Dark Knight,letterboxd.com/film/the-dark-knight/
Zodiac,letterboxd.com/film/zodiac/
The Dark Knight Rises,letterboxd.com/film/the-dark-knight-rises/
The Room,letterboxd.com/film/the-room/
Whiplash,letterboxd.com/film/whiplash-2014/
The Game,letterboxd.com/film/the-game/
American Psycho,letterboxd.com/film/american-psycho/
Schindler's List,letterboxd.com/film/schindlers-list/
The Godfather,letterboxd.com/film/the-godfather/
Pi,letterboxd.com/film/pi/
La Haine,letterboxd.com/film/la-haine/
Spirited Away,letterboxd.com/film/spirited-away/
RoboCop,letterboxd.com/film/robocop/
Clue,letterboxd.com/film/clue/
Se7en,letterboxd.com/film/se7en/
Anaconda,letterboxd.com/film/anaconda/
Ex Machina,letterboxd.com/film/ex-machina-2014/
Oldboy,letterboxd.com/film/oldboy/
Jesus Christ Saviour,letterboxd.com/film/jesus-christ-saviour/
Downfall,letterboxd.com/film/downfall/
Jurassic Park,letterboxd.com/film/jurassic-park/
GoodFellas,letterboxd.com/film/goodfellas/
Escape Plan,letterboxd.com/film/escape-plan/
Snakes on a Plane,letterboxd.com/film/snakes-on-a-plane/
Fifty Shades of Grey,letterboxd.com/film/fifty-shades-of-grey/
Blade Runner,letterboxd.com/film/blade-runner/
Taken,letterboxd.com/film/taken/
The Ninth Gate,letterboxd.com/film/the-ninth-gate/
Tron,letterboxd.com/film/tron/
The Lord of the Rings: The Fellowship of the Ring,letterboxd.com/film/the-lord-of-the-rings-the-fellowship-of-the-ring/
The Shawshank Redemption,letterboxd.com/film/the-shawshank-redemption/
Batman Begins,letterboxd.com/film/batman-begins/
Kill,letterboxd.com/film/kill/
Blade Runner 2049,letterboxd.com/film/blade-runner-2049/
Total Recall,letterboxd.com/film/total-recall/
Jaws,letterboxd.com/film/jaws/
The Matrix,letterboxd.com/film/the-matrix/
Event Horizon,letterboxd.com/film/event-horizon/
John Wick,letterboxd.com/film/john-wick/
Requiem for a Dream,letterboxd.com/film/requiem-for-a-dream/
Psycho,letterboxd.com/film/psycho/
Pom Poko,letterboxd.com/film/pom-poko/
The Boy in the Striped Pyjamas,letterboxd.com/film/the-boy-in-the-striped-pyjamas/
WALL·E,letterboxd.com/film/walle/
Monty Python and the Holy Grail,letterboxd.com/film/monty-python-and-the-holy-grail/
Real Steel,letterboxd.com/film/real-steel/
Scarface,letterboxd.com/film/scarface-1983/
Fidler on the Roof,letterboxd.com/film/fidler-on-the-roof-1/
Kill Bill: Vol. 1,letterboxd.com/film/kill-bill-vol-1/
Her,letterboxd.com/film/her/
West Side Story,letterboxd.com/film/west-side-story/
Scott Pilgrim vs. the World,letterboxd.com/film/scott-pilgrim-vs-the-world/
Conan the Barbarian,letterboxd.com/film/conan-the-barbarian/
Amélie,letterboxd.com/film/amelie/
Vertigo,letterboxd.com/film/vertigo/
Life of Pi,letterboxd.com/film/life-of-pi/
Indiana Jones and the Last Crusade,letterboxd.com/film/indiana-jones-and-the-last-crusade/
The Wolf of Wall Street,letterboxd.com/film/the-wolf-of-wall-street/
Life of Brian,letterboxd.com/film/life-of-brian/
Pirates of the Caribbean: The Curse of the Black Pearl,letterboxd.com/film/pirates-of-the-caribbean-the-curse-of-the-black-pearl/
Gone with the Wind,letterboxd.com/film/gone-with-the-wind/
The Aviator,letterboxd.com/film/the-aviator-1985-1/
The Shining,letterboxd.com/film/the-shining/
Little Miss Sunshine,letterboxd.com/film/little-miss-sunshine/
Good Will Hunting,letterboxd.com/film/good-will-hunting/
And Now for Something Completely Different,letterboxd.com/film/and-now-for-something-completely-different/
Sand Sharks,letterboxd.com/film/sand-sharks/
The Big Lebowski,letterboxd.com/film/the-big-lebowski/
Léon: The Professional,letterboxd.com/film/leon-the-professional/
Nightcrawler,letterboxd.com/film/nightcrawler/
300,letterboxd.com/film/300/
Charlie and the Chocolate Factory,letterboxd.com/film/charlie-and-the-chocolate-factory/
Grave of the Fireflies,letterboxd.com/film/grave-of-the-fireflies/
The Intouchables,letterboxd.com/film/the-intouchables/
2001: A Space Odyssey,letterboxd.com/film/2001-a-space-odyssey/
Interstellar,letterboxd.com/film/interstellar/
Groundhog Day,letterboxd.com/film/groundhog-day/
Click,letterboxd.com/film/click/
The Birds,letterboxd.com/film/the-birds/
American History X,letterboxd.com/film/american-history-x/
A Cure for Wellness,letterboxd.com/film/a-cure-for-wellness/
American Sniper,letterboxd.com/film/american-sniper/
Django Unchained,letterboxd.com/film/django-unchained/
Edward Scissorhands,letterboxd.com/film/edward-scissorhands/
Animal Farm,letterboxd.com/film/animal-farm/
Life Is Beautiful,letterboxd.com/film/life-is-beautiful/
Princess Mononoke,letterboxd.com/film/princess-mononoke/
The Dictator,letterboxd.com/film/the-dictator-2012/
A Clockwork Orange,letterboxd.com/film/a-clockwork-orange/
Lord of War,letterboxd.com/film/lord-of-war/
Trainspotting,letterboxd.com/film/trainspotting/
School of Rock,letterboxd.com/film/school-of-rock/
Black Swan,letterboxd.com/film/black-swan/
Forrest Gump,letterboxd.com/film/forrest-gump/
Bean,letterboxd.com/film/bean/
Split,letterboxd.com/film/split-2016/
One Flew Over the Cuckoo's Nest,letterboxd.com/film/one-flew-over-the-cuckoos-nest/
Catch Me If You Can,letterboxd.com/film/catch-me-if-you-can-2002/
Heat,letterboxd.com/film/heat-1962/
American Pie,letterboxd.com/film/american-pie/
I'm for the Hippopotamus,letterboxd.com/film/im-for-the-hippopotamus/
Ratatouille,letterboxd.com/film/ratatouille/
Killer Crocodile,letterboxd.com/film/killer-crocodile/
Mr. & Mrs. Smith,letterboxd.com/film/mr-mrs-smith/
Citizen Kane,letterboxd.com/film/citizen-kane/
The Garden of Words,letterboxd.com/film/the-garden-of-words/
The Disaster Artist,letterboxd.com/film/the-disaster-artist/
Project X,letterboxd.com/film/project-x-2012/
My Neighbor Totoro,letterboxd.com/film/my-neighbor-totoro/
Birdman or (The Unexpected Virtue of Ignorance),letterboxd.com/film/birdman-or-the-unexpected-virtue-of-ignorance/
Road Trip,letterboxd.com/film/road-trip/
The Grand Budapest Hotel,letterboxd.com/film/the-grand-budapest-hotel/
The Great Gatsby,letterboxd.com/film/the-great-gatsby-2013/
The Meaning of Life,letterboxd.com/film/the-meaning-of-life-1983/
The Boondock Saints,letterboxd.com/film/the-boondock-saints/
Vier Fäuste für ein Halleluja (1982 Comedy Fassung),letterboxd.com/film/vier-fauste-fur-ein-halleluja-1982-comedy-fassung/
The Imitation Game,letterboxd.com/film/the-imitation-game/
Inception,letterboxd.com/film/inception/
Harry Potter and the Half-Blood Prince,letterboxd.com/film/harry-potter-and-the-half-blood-prince/
Der Fuehrer's Face,letterboxd.com/film/der-fuehrers-face/
You Don't Mess with the Zohan,letterboxd.com/film/you-dont-mess-with-the-zohan/
Iron Sky,letterboxd.com/film/iron-sky/
Snakes on a Train,letterboxd.com/film/snakes-on-a-train/
Sharknado,letterboxd.com/film/sharknado/
The Raiders of Atlantis,letterboxd.com/film/the-raiders-of-atlantis/
Ocean's Eleven,letterboxd.com/film/oceans-eleven-2001/
The Italian Job,letterboxd.com/film/the-italian-job-2003/
Santa's Slay,letterboxd.com/film/santas-slay/
Mad Max,letterboxd.com/film/mad-max/
Mad Max: Fury Road,letterboxd.com/film/mad-max-fury-road/
Mad Max 2,letterboxd.com/film/mad-max-2/
The Warlords,letterboxd.com/film/the-warlords/
Next,letterboxd.com/film/next/
War Dogs,letterboxd.com/film/war-dogs-2016/
The Wicker Man,letterboxd.com/film/the-wicker-man-2006/
Heat,letterboxd.com/film/heat-1995/
Hercules,letterboxd.com/film/hercules-1997/
Space Jam,letterboxd.com/film/space-jam/
Who Framed Roger Rabbit,letterboxd.com/film/who-framed-roger-rabbit/
The SpongeBob SquarePants Movie,letterboxd.com/film/the-spongebob-squarepants-movie/
Bee Movie,letterboxd.com/film/bee-movie/
Twilight,letterboxd.com/film/twilight-2008/
Me Before You,letterboxd.com/film/me-before-you/
My Sister's Keeper,letterboxd.com/film/my-sisters-keeper-2009/
High School Musical,letterboxd.com/film/high-school-musical/
Your Name.,letterboxd.com/film/your-name/
Weathering with You,letterboxd.com/film/weathering-with-you/
Pitch Perfect 2,letterboxd.com/film/pitch-perfect-2/
Step Up,letterboxd.com/film/step-up/
Kleines Arschloch - Der Film,letterboxd.com/film/kleines-arschloch-der-film/
Reservoir Dogs,letterboxd.com/film/reservoir-dogs/
Gone Girl,letterboxd.com/film/gone-girl/
Coherence,letterboxd.com/film/coherence/
The Silence of the Lambs,letterboxd.com/film/the-silence-of-the-lambs/
Hannibal,letterboxd.com/film/hannibal/
Pan's Labyrinth,letterboxd.com/film/pans-labyrinth/
Raiders of the Lost Ark,letterboxd.com/film/raiders-of-the-lost-ark/
End of Watch,letterboxd.com/film/end-of-watch/
Men in Black,letterboxd.com/film/men-in-black/
I Want to Eat Your Pancreas,letterboxd.com/film/i-want-to-eat-your-pancreas/
King Kong,letterboxd.com/film/king-kong-2005/
The Lost World: Jurassic Park,letterboxd.com/film/the-lost-world-jurassic-park/
Jurassic Park III,letterboxd.com/film/jurassic-park-iii/
Spider-Man,letterboxd.com/film/spider-man/
Spider-Man 2,letterboxd.com/film/spider-man-2/
Spider-Man 3,letterboxd.com/film/spider-man-3/
The Amazing Spider-Man,letterboxd.com/film/the-amazing-spider-man/
The Amazing Spider-Man 2,letterboxd.com/film/the-amazing-spider-man-2/
Spider-Man: Into the Spider-Verse,letterboxd.com/film/spider-man-into-the-spider-verse/
Spider-Man: Homecoming,letterboxd.com/film/spider-man-homecoming/
Spider-Man: Far from Home,letterboxd.com/film/spider-man-far-from-home/
Over the Top,letterboxd.com/film/over-the-top/
Jungle Book,letterboxd.com/film/jungle-book/
Jumanji,letterboxd.com/film/jumanji/
Zootopia,letterboxd.com/film/zootopia/
La La Land,letterboxd.com/film/la-la-land/
Die Hard 2,letterboxd.com/film/die-hard-2/
The Naked Gun 2½: The Smell of Fear,letterboxd.com/film/the-naked-gun-2-the-smell-of-fear/
The Shape of Water,letterboxd.com/film/the-shape-of-water/
The Transporter,letterboxd.com/film/the-transporter/
Ghost in the Shell,letterboxd.com/film/ghost-in-the-shell/
Akira,letterboxd.com/film/akira/
Pusher,letterboxd.com/film/pusher-2010/
Lucy,letterboxd.com/film/lucy-2014/
Death Race,letterboxd.com/film/death-race/
TRON: Legacy,letterboxd.com/film/tron-legacy/
Bruce Almighty,letterboxd.com/film/bruce-almighty/
Yes Man,letterboxd.com/film/yes-man/
Saving Private Ryan,letterboxd.com/film/saving-private-ryan/
Pacific Rim,letterboxd.com/film/pacific-rim/
G-Force,letterboxd.com/film/g-force/
Pacific Rim: Uprising,letterboxd.com/film/pacific-rim-uprising/
"Good Morning, Vietnam",letterboxd.com/film/good-morning-vietnam/
The Theory of Everything,letterboxd.com/film/the-theory-of-everything-2014/
Blade,letterboxd.com/film/blade/
Cars,letterboxd.com/film/cars/
5 Centimeters per Second,letterboxd.com/film/5-centimeters-per-second/
Inferno,letterboxd.com/film/inferno-2016/
The Da Vinci Code,letterboxd.com/film/the-da-vinci-code/
Illuminati,letterboxd.com/film/illuminati/
Sausage Party,letterboxd.com/film/sausage-party/
The Karate Kid,letterboxd.com/film/the-karate-kid-2010/
One Hundred and One Dalmatians,letterboxd.com/film/one-hundred-and-one-dalmatians/
Austin Powers: International Man of Mystery,letterboxd.com/film/austin-powers-international-man-of-mystery/
Spaceballs,letterboxd.com/film/spaceballs/
The Hitchhiker's Guide to the Galaxy,letterboxd.com/film/the-hitchhikers-guide-to-the-galaxy-2005/
Goldfinger,letterboxd.com/film/goldfinger/
The Emperor's New Groove,letterboxd.com/film/the-emperors-new-groove/
Rambo,letterboxd.com/film/rambo/
Lammbock,letterboxd.com/film/lammbock/
Dampfnudelblues,letterboxd.com/film/dampfnudelblues/
Rabbit Without Ears,letterboxd.com/film/rabbit-without-ears/
Joy of Fatherhood,letterboxd.com/film/joy-of-fatherhood/
Paulette,letterboxd.com/film/paulette/
Werner - Beinhart!,letterboxd.com/film/werner-beinhart/
Werner - Das muss kesseln!!!,letterboxd.com/film/werner-das-muss-kesseln/
Werner - Gekotzt wird später!,letterboxd.com/film/werner-gekotzt-wird-spater/
Up,letterboxd.com/film/up/
Perfume: The Story of a Murderer,letterboxd.com/film/perfume-the-story-of-a-murderer/
Faust,letterboxd.com/film/faust-1960/
Men in the City,letterboxd.com/film/men-in-the-city/
Any Given Sunday,letterboxd.com/film/any-given-sunday/
The Miracle of Bern,letterboxd.com/film/the-miracle-of-bern/
Cool Runnings,letterboxd.com/film/cool-runnings/
The Blind Side,letterboxd.com/film/the-blind-side/
Rudy,letterboxd.com/film/rudy/
Germany: A Summer's Fairytale,letterboxd.com/film/germany-a-summers-fairytale/
The Longest Yard,letterboxd.com/film/the-longest-yard-2005/
Million Dollar Baby,letterboxd.com/film/million-dollar-baby/
The Social Network,letterboxd.com/film/the-social-network/
Arrival,letterboxd.com/film/arrival-2016/
Fight Club,letterboxd.com/film/fight-club/
Nosferatu,letterboxd.com/film/nosferatu/
Live,letterboxd.com/film/live-2014/
Life,letterboxd.com/film/life-2017/
The Boss Baby,letterboxd.com/film/the-boss-baby/
The Emoji Movie,letterboxd.com/film/the-emoji-movie/
Wreck-It Ralph,letterboxd.com/film/wreck-it-ralph/
Cloudy with a Chance of Meatballs,letterboxd.com/film/cloudy-with-a-chance-of-meatballs/
8 Mile,letterboxd.com/film/8-mile/
Straight Outta Compton,letterboxd.com/film/straight-outta-compton/
A Trip to the Moon,letterboxd.com/film/a-trip-to-the-moon/
Gladiator,letterboxd.com/film/gladiator-2000/
The Hunt for Red October,letterboxd.com/film/the-hunt-for-red-october/
Pulp Fiction,letterboxd.com/film/pulp-fiction/
Inglourious Basterds,letterboxd.com/film/inglourious-basterds/
The League of Extraordinary Gentlemen,letterboxd.com/film/the-league-of-extraordinary-gentlemen/
Cars 3,letterboxd.com/film/cars-3/
A Love Letter For You,letterboxd.com/film/a-love-letter-for-you/
Prometheus,letterboxd.com/film/prometheus/
Green Book,letterboxd.com/film/green-book/
The 36th Chamber of Shaolin,letterboxd.com/film/the-36th-chamber-of-shaolin/
Kung Fu Panda 2,letterboxd.com/film/kung-fu-panda-2/
Yi Yi,letterboxd.com/film/yi-yi/
The Fly II,letterboxd.com/film/the-fly-ii/
The Stanford Prison Experiment,letterboxd.com/film/the-stanford-prison-experiment/
The Wave,letterboxd.com/film/the-wave-2008/
Mishima: A Life in Four Chapters,letterboxd.com/film/mishima-a-life-in-four-chapters/
Boyhood,letterboxd.com/film/boyhood/
Mr. Bean's Holiday,letterboxd.com/film/mr-beans-holiday/
Cars 2,letterboxd.com/film/cars-2/
Seven Samurai,letterboxd.com/film/seven-samurai/
Shutter Island,letterboxd.com/film/shutter-island/
Transporter 2,letterboxd.com/film/transporter-2/
Hook,letterboxd.com/film/hook/
Brokeback Mountain,letterboxd.com/film/brokeback-mountain-2014/
Brokeback Mountain,letterboxd.com/film/brokeback-mountain/
Memento,letterboxd.com/film/memento/
Welcome to the Sticks,letterboxd.com/film/welcome-to-the-sticks/
Die Ludolfs - Der Film,letterboxd.com/film/die-ludolfs-der-film/
The Lord of the Rings: The Return of the King,letterboxd.com/film/the-lord-of-the-rings-the-return-of-the-king/
The Lord of the Rings: The Two Towers,letterboxd.com/film/the-lord-of-the-rings-the-two-towers/
Goofy and Wilbur,letterboxd.com/film/goofy-and-wilbur/
Home Alone,letterboxd.com/film/home-alone/
Home Alone 2: Lost in New York,letterboxd.com/film/home-alone-2-lost-in-new-york/
The Lives of Others,letterboxd.com/film/the-lives-of-others/
All Quiet on the Western Front,letterboxd.com/film/all-quiet-on-the-western-front/
Transformers: Revenge of the Fallen,letterboxd.com/film/transformers-revenge-of-the-fallen/
The Simpsons Movie,letterboxd.com/film/the-simpsons-movie/
Stuart Little,letterboxd.com/film/stuart-little/
1984,letterboxd.com/film/1984/
New Kids,letterboxd.com/film/new-kids/
Jackass: The Movie,letterboxd.com/film/jackass-the-movie/
Jackass Number Two,letterboxd.com/film/jackass-number-two/
Jackass 3D,letterboxd.com/film/jackass-3d/
Jackass 3.5,letterboxd.com/film/jackass-35/
MFKZ,letterboxd.com/film/mfkz/
Zelda,letterboxd.com/film/zelda-1974/
Basic Instinct,letterboxd.com/film/basic-instinct/
Super Mario Bros.,letterboxd.com/film/super-mario-bros/
Pokémon Detective Pikachu,letterboxd.com/film/pokemon-detective-pikachu/
Pokémon: The Rise of Darkrai,letterboxd.com/film/pokemon-the-rise-of-darkrai/
The Curious Case of Benjamin Button,letterboxd.com/film/the-curious-case-of-benjamin-button/
The Crimson Rivers,letterboxd.com/film/the-crimson-rivers/
Red Dragon,letterboxd.com/film/red-dragon/
The Girl with the Dragon Tattoo,letterboxd.com/film/the-girl-with-the-dragon-tattoo-2011/
Baby Driver,letterboxd.com/film/baby-driver/
Hot Rod,letterboxd.com/film/hot-rod/
Hot Fuzz,letterboxd.com/film/hot-fuzz/
Shaun of the Dead,letterboxd.com/film/shaun-of-the-dead/
Premium Rush,letterboxd.com/film/premium-rush/
Independence Day,letterboxd.com/film/independence-day/
Freddy vs. Jason,letterboxd.com/film/freddy-vs-jason/
Markus Rühl Made In Germany,letterboxd.com/film/markus-ruhl-made-in-germany/
Markus Rühl - Big and loving it,letterboxd.com/film/markus-ruhl-big-and-loving-it/
Pumping Iron,letterboxd.com/film/pumping-iron/
Senna,letterboxd.com/film/senna/
Rush,letterboxd.com/film/rush-2013/
Holes,letterboxd.com/film/holes/
Apocalypse Now,letterboxd.com/film/apocalypse-now/
The Iron Giant,letterboxd.com/film/the-iron-giant/
Back to the Future,letterboxd.com/film/back-to-the-future/
Four Lions,letterboxd.com/film/four-lions/
Room,letterboxd.com/film/room-2015/
Planet of the Apes,letterboxd.com/film/planet-of-the-apes/
Chef,letterboxd.com/film/chef/
Venom,letterboxd.com/film/venom-2018/
The Naked Gun: From the Files of Police Squad!,letterboxd.com/film/the-naked-gun-from-the-files-of-police-squad/
The Monkey King,letterboxd.com/film/the-monkey-king/
Warrior,letterboxd.com/film/warrior/
The Raid,letterboxd.com/film/the-raid-1954/
The Raid 2,letterboxd.com/film/the-raid-2/
The Handmaiden,letterboxd.com/film/the-handmaiden/
Stromberg - The Movie,letterboxd.com/film/stromberg-the-movie/
(500) Days of Summer,letterboxd.com/film/500-days-of-summer/
Super Size Me,letterboxd.com/film/super-size-me/
Snowpiercer,letterboxd.com/film/snowpiercer/
Rocky,letterboxd.com/film/rocky/
Creed,letterboxd.com/film/creed/
Searching,letterboxd.com/film/searching-2018/
The Physician,letterboxd.com/film/the-physician/
No Country for Old Men,letterboxd.com/film/no-country-for-old-men/
When Harry Met Sally...,letterboxd.com/film/when-harry-met-sally/
Gran Torino,letterboxd.com/film/gran-torino/
American Beauty,letterboxd.com/film/american-beauty/
Bottled Life: Nestle's Business with Water,letterboxd.com/film/bottled-life-nestles-business-with-water/
Once Upon a Time in the West,letterboxd.com/film/once-upon-a-time-in-the-west/
(T)Raumschiff Surprise - Periode 1,letterboxd.com/film/traumschiff-surprise-periode-1/
Manitou's Shoe,letterboxd.com/film/manitous-shoe-2001/
Quigley Down Under,letterboxd.com/film/quigley-down-under/
Lucky Luke,letterboxd.com/film/lucky-luke-2009/
DuckTales: The Movie - Treasure of the Lost Lamp,letterboxd.com/film/ducktales-the-movie-treasure-of-the-lost-lamp/
They Shall Not Grow Old,letterboxd.com/film/they-shall-not-grow-old/
Flubber,letterboxd.com/film/flubber/
Garfield,letterboxd.com/film/garfield/
"The Good, the Bad and the Ugly",letterboxd.com/film/the-good-the-bad-and-the-ugly/
The Fifth Element,letterboxd.com/film/the-fifth-element/
Murder on the Orient Express,letterboxd.com/film/murder-on-the-orient-express/
The Great Escape,letterboxd.com/film/the-great-escape/
"Three Billboards Outside Ebbing, Missouri",letterboxd.com/film/three-billboards-outside-ebbing-missouri/
Bad Frank,letterboxd.com/film/bad-frank/
Swiss Army Man,letterboxd.com/film/swiss-army-man/
Imperium,letterboxd.com/film/imperium/
Taxi Driver,letterboxd.com/film/taxi-driver/
The Lion King,letterboxd.com/film/the-lion-king/
Findet Nemo 3D,letterboxd.com/film/findet-nemo-3d/
The Godfather: Part II,letterboxd.com/film/the-godfather-part-ii/
Harakiri,letterboxd.com/film/harakiri/
Parasite,letterboxd.com/film/parasite-2019/
Neon Genesis Evangelion: The End of Evangelion,letterboxd.com/film/neon-genesis-evangelion-the-end-of-evangelion/
Toy Story,letterboxd.com/film/toy-story/
Raging Bull,letterboxd.com/film/raging-bull/
Eternal Sunshine of the Spotless Mind,letterboxd.com/film/eternal-sunshine-of-the-spotless-mind/
The Truman Show,letterboxd.com/film/the-truman-show/
Terminator 2: Judgment Day,letterboxd.com/film/terminator-2-judgment-day/
The Pianist,letterboxd.com/film/the-pianist/
Avatar,letterboxd.com/film/avatar/
A Geisha,letterboxd.com/film/a-geisha/
Barry Lyndon,letterboxd.com/film/barry-lyndon/
Hugo,letterboxd.com/film/hugo/
Rain Man,letterboxd.com/film/rain-man/
The Terminal,letterboxd.com/film/the-terminal/
The Breakfast Club,letterboxd.com/film/the-breakfast-club/
Dead Poets Society,letterboxd.com/film/dead-poets-society/
The Fault in Our Stars,letterboxd.com/film/the-fault-in-our-stars/
Osmosis Jones,letterboxd.com/film/osmosis-jones/
Die Rückkehr der Gabelstaplerfahrer,letterboxd.com/film/die-ruckkehr-der-gabelstaplerfahrer/
Forklift Driver Klaus: The First Day on the Job,letterboxd.com/film/forklift-driver-klaus-the-first-day-on-the-job/
Popeye,letterboxd.com/film/popeye/
How About Adolf?,letterboxd.com/film/how-about-adolf/
Shreck,letterboxd.com/film/shreck/
Shrek,letterboxd.com/film/shrek/
Shrek 2,letterboxd.com/film/shrek-2/
Shrek the Third,letterboxd.com/film/shrek-the-third/
Shrek Forever After,letterboxd.com/film/shrek-forever-after/
Night at the Museum,letterboxd.com/film/night-at-the-museum/
Female Jungle,letterboxd.com/film/female-jungle/
The Hangover,letterboxd.com/film/the-hangover/
Mission: Impossible,letterboxd.com/film/mission-impossible/
The Bourne Identity,letterboxd.com/film/the-bourne-identity-2002/
Minority Report,letterboxd.com/film/minority-report/
"I, Robot",letterboxd.com/film/i-robot/
The Cloud,letterboxd.com/film/the-cloud-2006/
Happy Feet,letterboxd.com/film/happy-feet/
The Martian,letterboxd.com/film/the-martian/
Dirty Dancing,letterboxd.com/film/dirty-dancing/
The Whore,letterboxd.com/film/the-whore/
Pretty Woman,letterboxd.com/film/pretty-woman/
Bodyguard,letterboxd.com/film/bodyguard-2011/
Yojimbo,letterboxd.com/film/yojimbo/
I'm Off Then,letterboxd.com/film/im-off-then/
Praxis Dr. Hasenbein,letterboxd.com/film/praxis-dr-hasenbein/
00 Schneider - Jagd auf Nihil Baxter,letterboxd.com/film/00-schneider-jagd-auf-nihil-baxter/
00 Schneider - Im Wendekreis der Eidechse,letterboxd.com/film/00-schneider-im-wendekreis-der-eidechse/
Potato Salad: Don't Ask!,letterboxd.com/film/potato-salad-dont-ask/
Dieter - The Movie,letterboxd.com/film/dieter-the-movie/
Otto's Eleven,letterboxd.com/film/ottos-eleven/
Big Momma's House 2,letterboxd.com/film/big-mommas-house-2/
Shanghai Noon,letterboxd.com/film/shanghai-noon/
Aladdin and the King of Thieves,letterboxd.com/film/aladdin-and-the-king-of-thieves/
Primer,letterboxd.com/film/primer/
Jumper,letterboxd.com/film/jumper/
Borat: Cultural Learnings of America for Make Benefit Glorious Nation of Kazakhstan,letterboxd.com/film/borat-cultural-learnings-of-america-for-make-benefit-glorious-nation-of-kazakhstan/
The Sword in the Stone,letterboxd.com/film/the-sword-in-the-stone/
Pippi Longstocking,letterboxd.com/film/pippi-longstocking-1969/
The Hateful Eight,letterboxd.com/film/the-hateful-eight/
Wetlands,letterboxd.com/film/wetlands-2013-1/
Rampage,letterboxd.com/film/rampage/
Far Cry,letterboxd.com/film/far-cry/
Lord of the Toys,letterboxd.com/film/lord-of-the-toys/
Rampage: President Down,letterboxd.com/film/rampage-president-down/
Auschwitz,letterboxd.com/film/auschwitz/
Irreversible,letterboxd.com/film/irreversible/
Atlantis: Milo's Return,letterboxd.com/film/atlantis-milos-return/
The Host,letterboxd.com/film/the-host/
Atlantis: The Lost Empire,letterboxd.com/film/atlantis-the-lost-empire/
The Pedestrian,letterboxd.com/film/the-pedestrian/
I Spit on Your Grave,letterboxd.com/film/i-spit-on-your-grave-2010/
Free Solo,letterboxd.com/film/free-solo/
Southpaw,letterboxd.com/film/southpaw-2015/
Boyka: Undisputed IV,letterboxd.com/film/boyka-undisputed-iv/
10 Cloverfield Lane,letterboxd.com/film/10-cloverfield-lane/
Seven Years in Tibet,letterboxd.com/film/seven-years-in-tibet/
12 Years a Slave,letterboxd.com/film/12-years-a-slave/
Hancock,letterboxd.com/film/hancock/
Hotel Rwanda,letterboxd.com/film/hotel-rwanda/
Kung Fu Panda,letterboxd.com/film/kung-fu-panda/
Creed II,letterboxd.com/film/creed-ii/
Rocky II,letterboxd.com/film/rocky-ii/
Rocky III,letterboxd.com/film/rocky-iii/
Rocky IV,letterboxd.com/film/rocky-iv/
Rocky V,letterboxd.com/film/rocky-v/
Ip Man,letterboxd.com/film/ip-man/
Life Cycles,letterboxd.com/film/life-cycles/
Predator,letterboxd.com/film/predator/
Terminator,letterboxd.com/film/terminator/
Dilwale Dulhania Le Jayenge,letterboxd.com/film/dilwale-dulhania-le-jayenge/
Braveheart,letterboxd.com/film/braveheart/
Hacksaw Ridge,letterboxd.com/film/hacksaw-ridge/
3096 Days,letterboxd.com/film/3096-days/
127 Hours,letterboxd.com/film/127-hours/
Ready Player One,letterboxd.com/film/ready-player-one/
The Green Mile,letterboxd.com/film/the-green-mile/
Shoplifters,letterboxd.com/film/shoplifters/
Moonlight,letterboxd.com/film/moonlight-2016/
Logan,letterboxd.com/film/logan-2017/
Dunkirk,letterboxd.com/film/dunkirk-2017/
Alien,letterboxd.com/film/alien/
22 July,letterboxd.com/film/22-july/
Charles Manson Superstar,letterboxd.com/film/charles-manson-superstar/
The Founder,letterboxd.com/film/the-founder/
Bridge of Spies,letterboxd.com/film/bridge-of-spies/
In Bruges,letterboxd.com/film/in-bruges/
Blind Side,letterboxd.com/film/blind-side/
Mulan,letterboxd.com/film/mulan/
Eden Lake,letterboxd.com/film/eden-lake/
Hansel & Gretel: Witch Hunters,letterboxd.com/film/hansel-gretel-witch-hunters/
Lady Bird,letterboxd.com/film/lady-bird/
Game Night,letterboxd.com/film/game-night/
The Karate Kid,letterboxd.com/film/the-karate-kid/
Oceans: Our Blue Planet,letterboxd.com/film/oceans-our-blue-planet/
Deadpool,letterboxd.com/film/deadpool/
Good Boys,letterboxd.com/film/good-boys-2019/
"Monsters, Inc.",letterboxd.com/film/monsters-inc/
Grown Ups,letterboxd.com/film/grown-ups/
Planet Ocean,letterboxd.com/film/planet-ocean/
The Blue Planet,letterboxd.com/film/the-blue-planet/
Mission Blue,letterboxd.com/film/mission-blue/
Kingsman: The Secret Service,letterboxd.com/film/kingsman-the-secret-service/
Close-Up,letterboxd.com/film/close-up/
The King of Kong: A Fistful of Quarters,letterboxd.com/film/the-king-of-kong-a-fistful-of-quarters/
Inside Out,letterboxd.com/film/inside-out-2015/
The Andromeda Strain,letterboxd.com/film/the-andromeda-strain/
Argo,letterboxd.com/film/argo/
Spotlight,letterboxd.com/film/spotlight/
Sherlock Holmes,letterboxd.com/film/sherlock-holmes-2009/
Hardcore Henry,letterboxd.com/film/hardcore-henry/
All Eyez on Me,letterboxd.com/film/all-eyez-on-me/
Now You See Me,letterboxd.com/film/now-you-see-me/
The Drawn Together Movie: The Movie!,letterboxd.com/film/the-drawn-together-movie-the-movie/
Dallas Buyers Club,letterboxd.com/film/dallas-buyers-club/
The Last Samurai,letterboxd.com/film/the-last-samurai/
Kingdom of Heaven,letterboxd.com/film/kingdom-of-heaven/
Seven Dwarfs,letterboxd.com/film/seven-dwarfs/
The Holy Mountain,letterboxd.com/film/the-holy-mountain/
Brazil,letterboxd.com/film/brazil/
Who Killed Captain Alex?,letterboxd.com/film/who-killed-captain-alex/
Fargo,letterboxd.com/film/fargo/
Fucking Berlin,letterboxd.com/film/fucking-berlin/
The Rocky Horror Picture Show,letterboxd.com/film/the-rocky-horror-picture-show/
Shrek Retold,letterboxd.com/film/shrek-retold/
The Lighthouse,letterboxd.com/film/the-lighthouse-2019/
Grease,letterboxd.com/film/grease/
Uncut Gems,letterboxd.com/film/uncut-gems/
The Twelve Tasks of Asterix,letterboxd.com/film/the-twelve-tasks-of-asterix/
Asterix and Cleopatra,letterboxd.com/film/asterix-and-cleopatra/
Payback,letterboxd.com/film/payback/
Rascal Does Not Dream of a Dreaming Girl,letterboxd.com/film/rascal-does-not-dream-of-a-dreaming-girl/
Victoria,letterboxd.com/film/victoria-2015/
"Aguirre, the Wrath of God",letterboxd.com/film/aguirre-the-wrath-of-god/
Fitzcarraldo,letterboxd.com/film/fitzcarraldo/
For a Few Dollars More,letterboxd.com/film/for-a-few-dollars-more/
Nosferatu the Vampyre,letterboxd.com/film/nosferatu-the-vampyre/
Les Misérables,letterboxd.com/film/les-miserables-2019/
"Synecdoche, New York",letterboxd.com/film/synecdoche-new-york/
Get Out,letterboxd.com/film/get-out-2017/
Marriage Story,letterboxd.com/film/marriage-story-2019/
Ran,letterboxd.com/film/ran/
The King of Comedy,letterboxd.com/film/the-king-of-comedy/
The Irishman,letterboxd.com/film/the-irishman-2019/
The Climb,letterboxd.com/film/the-climb-2019/
I Lost My Body,letterboxd.com/film/i-lost-my-body/
As It Is in Heaven,letterboxd.com/film/as-it-is-in-heaven/
The Golden Glove,letterboxd.com/film/the-golden-glove/
Hotarubi no Mori e,letterboxd.com/film/hotarubi-no-mori-e/
Birdemic: Shock and Terror,letterboxd.com/film/birdemic-shock-and-terror/
My Sex Robot,letterboxd.com/film/my-sex-robot/
Hollow Man,letterboxd.com/film/hollow-man/
Finding Nemo,letterboxd.com/film/finding-nemo/
Bambi,letterboxd.com/film/bambi/
Howl's Moving Castle,letterboxd.com/film/howls-moving-castle/
Kiki's Delivery Service,letterboxd.com/film/kikis-delivery-service/
Aladdin,letterboxd.com/film/aladdin/
The Hunchback of Notre Dame,letterboxd.com/film/the-hunchback-of-notre-dame-1996/
Castle in the Sky,letterboxd.com/film/castle-in-the-sky/
Punch-Drunk Love,letterboxd.com/film/punch-drunk-love/
Drive,letterboxd.com/film/drive-2011/
AlphaGo,letterboxd.com/film/alphago/
"Sherlock, Jr.",letterboxd.com/film/sherlock-jr/
Watchmen,letterboxd.com/film/watchmen/
Stripes,letterboxd.com/film/stripes/
Once Upon a Time in Venice,letterboxd.com/film/once-upon-a-time-in-venice/
Death at a Funeral,letterboxd.com/film/death-at-a-funeral/
Metropolis,letterboxd.com/film/metropolis/
The Jungle Book,letterboxd.com/film/the-jungle-book/
Once Upon a Time in America,letterboxd.com/film/once-upon-a-time-in-america/
Waking Ned,letterboxd.com/film/waking-ned/
Night on Earth,letterboxd.com/film/night-on-earth/
Cat Ballou,letterboxd.com/film/cat-ballou/
Xaver und sein außerirdischer Freund,letterboxd.com/film/xaver-und-sein-auerirdischer-freund/
Superbad,letterboxd.com/film/superbad/
Battle Royale,letterboxd.com/film/battle-royale/
Breakfast at Tiffany's,letterboxd.com/film/breakfast-at-tiffanys/
Judgment at Nuremberg,letterboxd.com/film/judgment-at-nuremberg/
Armageddon,letterboxd.com/film/armageddon/
Happiness,letterboxd.com/film/happiness/
My Best Fiend,letterboxd.com/film/my-best-fiend/
House,letterboxd.com/film/house/
Eyes Wide Shut,letterboxd.com/film/eyes-wide-shut/
Adaptation.,letterboxd.com/film/adaptation/
Adrift in Tokyo,letterboxd.com/film/adrift-in-tokyo/
8½,letterboxd.com/film/8-half/
All About Lily Chou-Chou,letterboxd.com/film/all-about-lily-chou-chou/
Blind Chance,letterboxd.com/film/blind-chance/
Being John Malkovich,letterboxd.com/film/being-john-malkovich/
Confessions of a Dangerous Mind,letterboxd.com/film/confessions-of-a-dangerous-mind/
From Russia with Love,letterboxd.com/film/from-russia-with-love/
Duck Amuck,letterboxd.com/film/duck-amuck/
"Love, Death & Robots: The Witness",letterboxd.com/film/love-death-robots-the-witness/
"Love, Death & Robots: Good Hunting",letterboxd.com/film/love-death-robots-good-hunting/
"Love, Death & Robots: Zima Blue",letterboxd.com/film/love-death-robots-zima-blue/
"Love, Death & Robots: Alternate Histories",letterboxd.com/film/love-death-robots-alternate-histories/
"Love, Death & Robots: When the Yogurt Took Over",letterboxd.com/film/love-death-robots-when-the-yogurt-took-over/
Pride & Prejudice,letterboxd.com/film/pride-prejudice/
The Perks of Being a Wallflower,letterboxd.com/film/the-perks-of-being-a-wallflower/
It's Such a Beautiful Day,letterboxd.com/film/its-such-a-beautiful-day/
The Wind Rises,letterboxd.com/film/the-wind-rises/
Mon Mon the Water Spider,letterboxd.com/film/mon-mon-the-water-spider/
The Running Jumping & Standing Still Film,letterboxd.com/film/the-running-jumping-standing-still-film/
Chungking Express,letterboxd.com/film/chungking-express/
Eraserhead,letterboxd.com/film/eraserhead/
Graffiti Wars,letterboxd.com/film/graffiti-wars/
Rampage: Capital Punishment,letterboxd.com/film/rampage-capital-punishment/
Blubberella,letterboxd.com/film/blubberella/
Follow Me,letterboxd.com/film/follow-me/
The Girl Who Leapt Through Time,letterboxd.com/film/the-girl-who-leapt-through-time/
Look Who's Back,letterboxd.com/film/look-whos-back-2015/
Casablanca,letterboxd.com/film/casablanca/
Magnolia,letterboxd.com/film/magnolia/
Berlin Alexanderplatz,letterboxd.com/film/berlin-alexanderplatz/
Machotaildrop,letterboxd.com/film/machotaildrop/
Piper,letterboxd.com/film/piper/
It's Such a Beautiful Day,letterboxd.com/film/its-such-a-beautiful-day-2011/
I Am Twenty,letterboxd.com/film/i-am-twenty/
A Fistful of Dollars,letterboxd.com/film/a-fistful-of-dollars/
Throne of Blood,letterboxd.com/film/throne-of-blood/
unReal,letterboxd.com/film/unreal-2015/
Good Time,letterboxd.com/film/good-time/
A Silent Voice,letterboxd.com/film/a-silent-voice/
Memories of Murder,letterboxd.com/film/memories-of-murder/
Still Walking,letterboxd.com/film/still-walking/
Burning,letterboxd.com/film/burning-2018/
Let Your Light Shine,letterboxd.com/film/let-your-light-shine/
Light Thereafter,letterboxd.com/film/light-thereafter/
American Animals,letterboxd.com/film/american-animals/
Bogus,letterboxd.com/film/bogus/
The Lawnmower Man,letterboxd.com/film/the-lawnmower-man/
Lawnmower Man 2: Beyond Cyberspace,letterboxd.com/film/lawnmower-man-2-beyond-cyberspace/
Double Down,letterboxd.com/film/double-down-2005/
Enter the Anime,letterboxd.com/film/enter-the-anime/
Midnight Cowboy,letterboxd.com/film/midnight-cowboy/
Vampire's Kiss,letterboxd.com/film/vampires-kiss/
Kung Fury,letterboxd.com/film/kung-fury/
Climax,letterboxd.com/film/climax-2018/
The Mask,letterboxd.com/film/the-mask-1994/
Madagascar,letterboxd.com/film/madagascar/
FRED: The Movie,letterboxd.com/film/fred-the-movie/
Llamas with Hats,letterboxd.com/film/llamas-with-hats/
#Introductions,letterboxd.com/film/introductions/
Star War The Third Gathers: Backstroke of the West,letterboxd.com/film/star-war-the-third-gathers-backstroke-of-the-west/
Bad Trip,letterboxd.com/film/bad-trip-2020/
The Penny Market on the Reeperbahn,letterboxd.com/film/the-penny-market-on-the-reeperbahn/
mother!,letterboxd.com/film/mother-2017/
The Look of Silence,letterboxd.com/film/the-look-of-silence/
The Act of Killing,letterboxd.com/film/the-act-of-killing/
Nazis at the Center of the Earth,letterboxd.com/film/nazis-at-the-center-of-the-earth/
Stalker,letterboxd.com/film/stalker/
Mirror,letterboxd.com/film/mirror/
Solaris,letterboxd.com/film/solaris/
The Hero of Time,letterboxd.com/film/the-hero-of-time/
Satantango,letterboxd.com/film/satantango/
The Meyerowitz Stories (New and Selected),letterboxd.com/film/the-meyerowitz-stories-new-and-selected/
Fantastic Mr. Fox,letterboxd.com/film/fantastic-mr-fox/
La Flor,letterboxd.com/film/la-flor/
Hercules in New York,letterboxd.com/film/hercules-in-new-york/
Eat Pray Love,letterboxd.com/film/eat-pray-love/
Roma,letterboxd.com/film/roma-2018/
Saturday Night Fever,letterboxd.com/film/saturday-night-fever/
Happy Gilmore,letterboxd.com/film/happy-gilmore/
At Eternity's Gate,letterboxd.com/film/at-eternitys-gate/
Eighth Grade,letterboxd.com/film/eighth-grade/
Mega Shark vs. Giant Octopus,letterboxd.com/film/mega-shark-vs-giant-octopus/
Anomalisa,letterboxd.com/film/anomalisa/
Loving Vincent,letterboxd.com/film/loving-vincent/
The Elephant Man,letterboxd.com/film/the-elephant-man/
365 Days,letterboxd.com/film/365-days-2020/
Fateful Findings,letterboxd.com/film/fateful-findings/
Artemis Fowl,letterboxd.com/film/artemis-fowl/
Triumph of the Will,letterboxd.com/film/triumph-of-the-will/
"Daniel, the Wizard",letterboxd.com/film/daniel-the-wizard/
Ratatoing,letterboxd.com/film/ratatoing/
Treevenge,letterboxd.com/film/treevenge/
